area_sqft,bedrooms,bathrooms,stories,price_pkr
650,1,1,1,5200000
720,2,1,1,6100000
800,2,2,1,7200000
900,2,2,1,7900000
950,3,2,1,8500000
1050,3,2,1,9300000
1100,3,2,2,10100000
1200,3,3,2,11200000
1250,3,2,2,10800000
1350,3,3,2,12300000
1400,3,3,2,12700000
1500,3,3,2,13600000
1550,4,3,2,14300000
1650,4,3,2,15100000
1700,4,3,2,15600000
1800,4,3,2,16400000
1850,4,4,2,17300000
1950,4,4,2,18100000
2000,4,4,2,18500000
2100,4,4,2,19400000
2200,4,4,2,20200000
2300,5,4,2,21400000
2400,5,4,2,22100000
2500,5,4,2,22900000
2600,5,4,2,23800000
2700,5,5,2,25100000
2800,5,5,2,25900000
2900,5,5,2,26700000
3000,5,5,2,27600000
3150,5,5,2,28800000
700,1,1,1,5600000
880,2,2,1,7600000
980,3,2,1,8900000
1180,3,2,2,10600000
1320,3,3,2,12000000
1480,4,3,2,13400000
1620,4,3,2,14900000
1780,4,4,2,16800000
2150,4,4,2,19800000
2450,5,4,2,22400000
